{
    "Training": {
        "MAE": 0.5989812413213537,
        "MSE": 0.5621018943573206,
        "RMSE": 0.7497345492621509,
        "R2": 0.9979812737423405,
        "MAPE": 8.62218756871879
    },
    "Test": {
        "MAE": 0.5953732970484763,
        "MSE": 0.5578460640822034,
        "RMSE": 0.7468909318516348,
        "R2": 0.9979996122656422,
        "MAPE": 8.55732923003847
    },
    "Physics_Baseline": {
        "MAE": 14.228531107631568,
        "RMSE": 21.089118469954926,
        "R2": -0.5948383222078604
    }
}